<Ui xsi:schemaLocation="http://www.blizzard.com/wow/ui/ ..\FrameXML\UI.xsd">
	<Script file="Libs\LibStub.lua"/>
	<Include file="Libs\AceGUI-3.0\AceGUI-3.0.xml"/>
	<Script file="Libs\CallbackHandler-1.0.lua"/>
	<Script file="Libs\AceAddon-3.0.lua"/>
	<Script file="Libs\AceConsole-3.0.lua"/>
	<Script file="Libs\AceConfigRegistry-3.0.lua"/>
	<Script file="Libs\AceConfigCmd-3.0.lua"/>
	<Script file="Libs\AceConfigDialog-3.0.lua"/>
	<Script file="Libs\AceConfig-3.0.lua"/> 	
	<Script file="Libs\AceDB-3.0.lua"/>
	<Script file="Libs\AceDBOptions-3.0.lua"/>
	<Script file="Libs\AceSerializer-3.0.lua"/>
	<Script file="Libs\AceComm-3.0.lua"/>
	<Script file="Libs\AceLocale-3.0.lua"/>
	<Script file="Libs\AceEvent-3.0.lua"/>
	<Script file="Libs\AceTimer-3.0.lua"/>
</Ui>
