<Ui xmlns="http://www.blizzard.com/wow/ui/" xmlns:xsi="http://www.w3.org/2001/XMLSchema-instance" xsi:schemaLocation="http://www.blizzard.com/wow/ui/
..\FrameXML\UI.xsd">

<!--@no-lib-strip@-->

<Script file="LibStub\LibStub.lua"/>
<Include file="CallbackHandler-1.0\CallbackHandler-1.0.xml"/>
<Include file="LibAboutPanel\lib.xml"/>
<Include file="LibBabble-Boss-3.0\lib.xml"/>
<Include file="LibBabble-Faction-3.0\lib.xml"/>
<Include file="LibBabble-SubZone-3.0\lib.xml"/>
<Include file="AceLocale-3.0\AceLocale-3.0.xml"/>
<!--@end-no-lib-strip@-->
<Script file="LibDataBroker-1.1\LibDataBroker-1.1.lua"/>

</Ui>